data,cnpj,Estabelecimento,nNF,tPag,Forma_Pagamento,tBand,vPag,vNF
2026-01-23,07843328000208,Filial_Proview,6211,03,Cartao_Credito,,799.0,799.0
2026-01-23,07843328000208,Filial_Proview,6212,03,Cartao_Credito,,3390.0,3390.0
2026-01-23,07843328000208,Filial_Proview,6213,03,Cartao_Credito,,650.0,650.0
2026-01-26,07843328000208,Filial_Proview,6214,03,Cartao_Credito,,5577.0,5577.0
2026-01-26,07843328000208,Filial_Proview,6215,03,Cartao_Credito,,2338.0,2338.0
2026-01-26,07843328000208,Filial_Proview,6216,03,Cartao_Credito,,1200.0,1200.0
2026-01-26,07843328000208,Filial_Proview,6217,03,Cartao_Credito,,650.0,650.0
2026-01-26,07843328000208,Filial_Proview,6218,03,Cartao_Credito,,5200.0,5200.0
2026-01-26,07843328000208,Filial_Proview,6219,04,Cartao_Debito,,2890.0,5780.0
2026-01-26,07843328000208,Filial_Proview,6219,03,Cartao_Credito,,2890.0,5780.0
2026-01-26,07843328000208,Filial_Proview,6220,03,Cartao_Credito,,3480.0,3480.0
2026-01-26,07843328000208,Filial_Proview,6221,03,Cartao_Credito,,8000.0,8000.0
2026-01-26,07843328000208,Filial_Proview,6222,03,Cartao_Credito,,4490.0,4490.0
2026-01-28,07843328000208,Filial_Proview,6223,03,Cartao_Credito,,1200.0,1200.0
2026-01-28,07843328000208,Filial_Proview,6224,04,Cartao_Debito,,4300.0,4300.0
2026-01-28,07843328000208,Filial_Proview,6225,03,Cartao_Credito,,1700.0,1700.0
2026-01-28,07843328000208,Filial_Proview,6226,03,Cartao_Credito,,2400.0,2400.0
2026-01-28,07843328000208,Filial_Proview,6227,03,Cartao_Credito,,2838.0,2838.0
2026-01-29,07843328000208,Filial_Proview,6228,03,Cartao_Credito,,2190.0,2190.0
2026-01-29,07843328000208,Filial_Proview,6229,17,PIX,,150.0,150.0
2026-01-29,07843328000208,Filial_Proview,6230,03,Cartao_Credito,,1860.0,1860.0
2026-01-29,07843328000208,Filial_Proview,6231,03,Cartao_Credito,,2500.0,2500.0
2026-01-29,07843328000208,Filial_Proview,6232,03,Cartao_Credito,,2340.0,2340.0
2026-01-30,07843328000208,Filial_Proview,6233,03,Cartao_Credito,,4700.0,4700.0
2026-01-30,07843328000208,Filial_Proview,6234,03,Cartao_Credito,,3250.0,3250.0
2026-01-30,07843328000208,Filial_Proview,6235,17,PIX,,600.0,830.0
2026-01-30,07843328000208,Filial_Proview,6235,17,PIX,,230.0,830.0
2026-01-30,07843328000208,Filial_Proview,6236,03,Cartao_Credito,,1550.0,1550.0
2026-01-30,07843328000208,Filial_Proview,6237,03,Cartao_Credito,,3150.0,3150.0
2026-01-30,07843328000208,Filial_Proview,6238,03,Cartao_Credito,,2000.0,2000.0
2026-01-30,07843328000208,Filial_Proview,6239,03,Cartao_Credito,,4890.0,4890.0
2026-01-30,07843328000208,Filial_Proview,6240,03,Cartao_Credito,,2580.0,2580.0
2026-01-30,07843328000208,Filial_Proview,6241,03,Cartao_Credito,,590.0,590.0
2026-01-30,07843328000208,Filial_Proview,6242,03,Cartao_Credito,,940.0,940.0
2026-01-30,07843328000208,Filial_Proview,6243,03,Cartao_Credito,,2550.0,2550.0
2026-01-30,07843328000208,Filial_Proview,6244,03,Cartao_Credito,,11360.0,11360.0
2026-01-30,07843328000208,Filial_Proview,6245,03,Cartao_Credito,,2800.0,2800.0
2026-01-30,07843328000208,Filial_Proview,6246,03,Cartao_Credito,,1400.0,1400.0
2026-01-30,07843328000208,Filial_Proview,6247,04,Cartao_Debito,,2900.0,2900.0
2026-01-30,07843328000208,Filial_Proview,6248,03,Cartao_Credito,,2145.0,2145.0
2026-01-30,07843328000208,Filial_Proview,6249,03,Cartao_Credito,,580.0,580.0
2026-01-31,07843328000208,Filial_Proview,6250,03,Cartao_Credito,,590.0,590.0
2026-01-13,18960845000194,Oticas_BH,10497,03,Cartao_Credito,,800.0,800.0
2026-01-13,18960845000194,Oticas_BH,10498,03,Cartao_Credito,,1870.0,1870.0
2026-01-13,18960845000194,Oticas_BH,10499,03,Cartao_Credito,,1750.0,1750.0
2026-01-13,18960845000194,Oticas_BH,10500,04,Cartao_Debito,,1000.0,3900.0
2026-01-13,18960845000194,Oticas_BH,10500,03,Cartao_Credito,,2900.0,3900.0
2026-01-13,18960845000194,Oticas_BH,10501,03,Cartao_Credito,,1700.0,1700.0
2026-01-13,18960845000194,Oticas_BH,10502,03,Cartao_Credito,,1220.0,1220.0
2026-01-13,18960845000194,Oticas_BH,10503,03,Cartao_Credito,,1100.0,1100.0
2026-01-13,18960845000194,Oticas_BH,10504,03,Cartao_Credito,,1180.0,1180.0
2026-01-13,18960845000194,Oticas_BH,10505,03,Cartao_Credito,,3200.0,3200.0
2026-01-15,18960845000194,Oticas_BH,10506,03,Cartao_Credito,,3400.0,3400.0
2026-01-15,18960845000194,Oticas_BH,10507,03,Cartao_Credito,,11400.0,11400.0
2026-01-15,18960845000194,Oticas_BH,10508,03,Cartao_Credito,,3000.0,3000.0
2026-01-15,18960845000194,Oticas_BH,10509,13,13,,1800.0,1800.0
2026-01-15,18960845000194,Oticas_BH,10510,03,Cartao_Credito,,2531.0,2531.0
2026-01-15,18960845000194,Oticas_BH,10511,13,13,,590.0,1890.0
2026-01-15,18960845000194,Oticas_BH,10511,03,Cartao_Credito,,1300.0,1890.0
2026-01-15,18960845000194,Oticas_BH,10512,03,Cartao_Credito,,1600.0,1600.0
2026-01-16,18960845000194,Oticas_BH,10513,03,Cartao_Credito,,1380.0,1380.0
2026-01-16,18960845000194,Oticas_BH,10514,03,Cartao_Credito,,800.0,800.0
2026-01-16,18960845000194,Oticas_BH,10515,13,13,,350.0,350.0
2026-01-16,18960845000194,Oticas_BH,10516,03,Cartao_Credito,,1900.0,1900.0
2026-01-16,18960845000194,Oticas_BH,10517,13,13,,5380.0,5380.0
2026-01-16,18960845000194,Oticas_BH,10518,03,Cartao_Credito,,2800.0,2800.0
2026-01-19,18960845000194,Oticas_BH,10519,03,Cartao_Credito,,2900.0,2900.0
2026-01-20,18960845000194,Oticas_BH,10520,03,Cartao_Credito,,1360.0,1360.0
2026-01-20,18960845000194,Oticas_BH,10521,04,Cartao_Debito,,1419.0,1419.0
2026-01-20,18960845000194,Oticas_BH,10522,03,Cartao_Credito,,2000.0,2134.0
2026-01-20,18960845000194,Oticas_BH,10522,04,Cartao_Debito,,134.0,2134.0
2026-01-20,18960845000194,Oticas_BH,10523,03,Cartao_Credito,,2300.0,2300.0
2026-01-20,18960845000194,Oticas_BH,10524,13,13,,125.0,250.0
2026-01-20,18960845000194,Oticas_BH,10524,04,Cartao_Debito,,125.0,250.0
2026-01-20,18960845000194,Oticas_BH,10525,13,13,,1600.0,1600.0
2026-01-20,18960845000194,Oticas_BH,10526,03,Cartao_Credito,,972.0,972.0
2026-01-20,18960845000194,Oticas_BH,10527,03,Cartao_Credito,,650.0,650.0
2026-01-22,18960845000194,Oticas_BH,10528,03,Cartao_Credito,,2240.0,2240.0
2026-01-23,18960845000194,Oticas_BH,10529,03,Cartao_Credito,,790.0,790.0
2026-01-23,18960845000194,Oticas_BH,10530,03,Cartao_Credito,,2450.0,2450.0
2026-01-23,18960845000194,Oticas_BH,10531,03,Cartao_Credito,,1200.0,1200.0
2026-01-23,18960845000194,Oticas_BH,10532,03,Cartao_Credito,,4540.0,4540.0
2026-01-26,18960845000194,Oticas_BH,10533,13,13,,1650.0,1650.0
2026-01-26,18960845000194,Oticas_BH,10534,03,Cartao_Credito,,1500.0,1500.0
2026-01-26,18960845000194,Oticas_BH,10535,03,Cartao_Credito,,990.0,990.0
2026-01-26,18960845000194,Oticas_BH,10536,13,13,,600.0,1500.0
2026-01-26,18960845000194,Oticas_BH,10536,03,Cartao_Credito,,900.0,1500.0
2026-01-26,18960845000194,Oticas_BH,10537,04,Cartao_Debito,,3200.0,3200.0
2026-01-26,18960845000194,Oticas_BH,10538,03,Cartao_Credito,,2400.0,2825.0
2026-01-26,18960845000194,Oticas_BH,10538,04,Cartao_Debito,,425.0,2825.0
2026-01-28,18960845000194,Oticas_BH,10539,04,Cartao_Debito,,1000.0,3000.0
2026-01-28,18960845000194,Oticas_BH,10539,03,Cartao_Credito,,2000.0,3000.0
2026-01-28,18960845000194,Oticas_BH,10540,03,Cartao_Credito,,250.0,250.0
2026-01-28,18960845000194,Oticas_BH,10541,03,Cartao_Credito,,3250.0,3250.0
2026-01-29,18960845000194,Oticas_BH,10542,03,Cartao_Credito,,8900.0,8900.0
2026-01-29,18960845000194,Oticas_BH,10543,03,Cartao_Credito,,1300.0,1300.0
2026-01-30,18960845000194,Oticas_BH,10544,03,Cartao_Credito,,1500.0,1500.0
2026-01-30,18960845000194,Oticas_BH,10545,03,Cartao_Credito,,3480.0,3480.0
2026-01-30,18960845000194,Oticas_BH,10546,03,Cartao_Credito,,1410.0,1410.0
2026-01-30,18960845000194,Oticas_BH,10547,03,Cartao_Credito,,990.0,990.0
2026-01-30,18960845000194,Oticas_BH,10548,13,13,,2000.0,2466.0
2026-01-30,18960845000194,Oticas_BH,10548,13,13,,300.0,2466.0
2026-01-30,18960845000194,Oticas_BH,10548,03,Cartao_Credito,,166.0,2466.0
2026-01-30,18960845000194,Oticas_BH,10549,03,Cartao_Credito,,1550.0,1550.0
2026-01-30,18960845000194,Oticas_BH,10550,03,Cartao_Credito,,2400.0,2400.0
2026-01-30,18960845000194,Oticas_BH,10551,03,Cartao_Credito,,800.0,800.0
2026-01-30,18960845000194,Oticas_BH,10552,03,Cartao_Credito,,2675.0,2675.0
2026-01-21,07843328000119,Matriz_Luminis,3396,03,Cartao_Credito,,2600.0,2600.0
2026-01-21,07843328000119,Matriz_Luminis,3397,03,Cartao_Credito,,2010.0,2010.0
2026-01-21,07843328000119,Matriz_Luminis,3398,03,Cartao_Credito,,1850.0,1850.0
2026-01-21,07843328000119,Matriz_Luminis,3399,03,Cartao_Credito,,2250.0,2250.0
2026-01-21,07843328000119,Matriz_Luminis,3400,04,Cartao_Debito,,700.0,2700.0
2026-01-21,07843328000119,Matriz_Luminis,3400,03,Cartao_Credito,,2000.0,2700.0
2026-01-21,07843328000119,Matriz_Luminis,3401,04,Cartao_Debito,,100.0,3800.0
2026-01-21,07843328000119,Matriz_Luminis,3401,03,Cartao_Credito,,3700.0,3800.0
2026-01-21,07843328000119,Matriz_Luminis,3402,03,Cartao_Credito,,2000.0,2000.0
2026-01-26,07843328000119,Matriz_Luminis,3403,20,20,,100.0,100.0
2026-01-26,07843328000119,Matriz_Luminis,3404,03,Cartao_Credito,,1600.0,1600.0
2026-01-26,07843328000119,Matriz_Luminis,3405,03,Cartao_Credito,,1430.0,1430.0
2026-01-28,07843328000119,Matriz_Luminis,3406,03,Cartao_Credito,,2100.0,2100.0
2026-01-28,07843328000119,Matriz_Luminis,3407,03,Cartao_Credito,,4200.0,4200.0
2026-01-28,07843328000119,Matriz_Luminis,3408,03,Cartao_Credito,,1500.0,1500.0
2026-01-29,07843328000119,Matriz_Luminis,3409,03,Cartao_Credito,,1000.0,1000.0
2026-01-29,07843328000119,Matriz_Luminis,3410,03,Cartao_Credito,,1346.0,1346.0
2026-01-29,07843328000119,Matriz_Luminis,3411,03,Cartao_Credito,,1276.0,1276.0
2026-01-29,07843328000119,Matriz_Luminis,3412,03,Cartao_Credito,,1100.0,1100.0
2026-01-29,07843328000119,Matriz_Luminis,3413,04,Cartao_Debito,,500.0,500.0
2026-01-29,07843328000119,Matriz_Luminis,3414,03,Cartao_Credito,,1400.0,1400.0
2026-01-29,07843328000119,Matriz_Luminis,3415,20,20,,100.0,100.0
2026-01-29,07843328000119,Matriz_Luminis,3416,03,Cartao_Credito,,700.0,700.0
2026-01-29,07843328000119,Matriz_Luminis,3417,03,Cartao_Credito,,800.0,800.0
2026-01-30,07843328000119,Matriz_Luminis,3418,03,Cartao_Credito,,2000.0,2000.0
2026-01-30,07843328000119,Matriz_Luminis,3419,03,Cartao_Credito,,2070.0,2070.0
2026-02-02,07843328000208,Filial_Proview,6251,03,Cartao_Credito,,3600.0,3600.0
2026-02-13,07843328000208,Filial_Proview,6252,17,PIX,,1000.0,6100.0
2026-02-13,07843328000208,Filial_Proview,6252,03,Cartao_Credito,,5100.0,6100.0
2026-02-13,07843328000208,Filial_Proview,6253,03,Cartao_Credito,,4842.0,4842.0
2026-02-13,07843328000208,Filial_Proview,6254,03,Cartao_Credito,,3900.0,3900.0
2026-02-13,07843328000208,Filial_Proview,6255,03,Cartao_Credito,,5630.0,5630.0
2026-02-13,07843328000208,Filial_Proview,6256,03,Cartao_Credito,,4690.0,4690.0
2026-02-13,07843328000208,Filial_Proview,6257,17,PIX,,1300.0,1300.0
2026-02-18,07843328000208,Filial_Proview,6258,17,PIX,,9200.0,9200.0
2026-02-19,07843328000208,Filial_Proview,6259,03,Cartao_Credito,,5870.0,5870.0
2026-02-19,07843328000208,Filial_Proview,6260,03,Cartao_Credito,,4400.0,4400.0
2026-02-19,07843328000208,Filial_Proview,6261,03,Cartao_Credito,,3500.0,3500.0
2026-02-25,07843328000208,Filial_Proview,6262,04,Cartao_Debito,,2890.0,2890.0
2026-02-25,07843328000208,Filial_Proview,6263,17,PIX,,350.0,350.0
2026-02-25,07843328000208,Filial_Proview,6264,03,Cartao_Credito,,890.0,890.0
2026-02-25,07843328000208,Filial_Proview,6265,03,Cartao_Credito,,1000.0,1000.0
2026-02-25,07843328000208,Filial_Proview,6266,03,Cartao_Credito,,1000.0,1000.0
2026-02-25,07843328000208,Filial_Proview,6267,03,Cartao_Credito,,1850.0,1850.0
2026-02-25,07843328000208,Filial_Proview,6268,03,Cartao_Credito,,1890.0,1890.0
2026-02-25,07843328000208,Filial_Proview,6269,03,Cartao_Credito,,2250.0,2250.0
2026-02-25,07843328000208,Filial_Proview,6270,03,Cartao_Credito,,2200.0,2200.0
2026-02-26,07843328000208,Filial_Proview,6271,03,Cartao_Credito,,9940.0,9940.0
2026-02-26,07843328000208,Filial_Proview,6272,03,Cartao_Credito,,6500.0,6500.0
2026-02-26,07843328000208,Filial_Proview,6273,03,Cartao_Credito,,3250.0,3250.0
2026-02-26,07843328000208,Filial_Proview,6274,03,Cartao_Credito,,4750.0,4750.0
2026-02-26,07843328000208,Filial_Proview,6275,03,Cartao_Credito,,3390.0,3390.0
2026-02-26,07843328000208,Filial_Proview,6276,03,Cartao_Credito,,3000.0,3000.0
2026-02-28,07843328000208,Filial_Proview,6277,03,Cartao_Credito,,1850.0,1850.0
2026-02-28,07843328000208,Filial_Proview,6278,03,Cartao_Credito,,2590.0,2590.0
2026-02-28,07843328000208,Filial_Proview,6279,03,Cartao_Credito,,3900.0,3900.0
2026-02-28,07843328000208,Filial_Proview,6280,03,Cartao_Credito,,243.0,243.0
2026-02-10,18960845000194,Oticas_BH,10553,03,Cartao_Credito,,150.0,150.0
2026-02-10,18960845000194,Oticas_BH,10554,03,Cartao_Credito,,2600.0,2600.0
2026-02-10,18960845000194,Oticas_BH,10555,03,Cartao_Credito,,2700.0,2700.0
2026-02-10,18960845000194,Oticas_BH,10556,03,Cartao_Credito,,5999.0,5999.0
2026-02-10,18960845000194,Oticas_BH,10557,03,Cartao_Credito,,899.0,899.0
2026-02-10,18960845000194,Oticas_BH,10558,03,Cartao_Credito,,831.0,831.0
2026-02-10,18960845000194,Oticas_BH,10559,03,Cartao_Credito,,3100.0,3100.0
2026-02-10,18960845000194,Oticas_BH,10560,03,Cartao_Credito,,3900.0,3900.0
2026-02-10,18960845000194,Oticas_BH,10561,04,Cartao_Debito,,300.0,300.0
2026-02-10,18960845000194,Oticas_BH,10562,03,Cartao_Credito,,1990.0,1990.0
2026-02-10,18960845000194,Oticas_BH,10563,03,Cartao_Credito,,350.0,350.0
2026-02-11,18960845000194,Oticas_BH,10564,03,Cartao_Credito,,3500.0,3500.0
2026-02-11,18960845000194,Oticas_BH,10565,13,13,,2200.0,2200.0
2026-02-11,18960845000194,Oticas_BH,10566,03,Cartao_Credito,,1700.0,1700.0
2026-02-11,18960845000194,Oticas_BH,10567,03,Cartao_Credito,,1800.0,1800.0
2026-02-11,18960845000194,Oticas_BH,10568,03,Cartao_Credito,,1490.0,1490.0
2026-02-11,18960845000194,Oticas_BH,10569,03,Cartao_Credito,,2250.0,2250.0
2026-02-11,18960845000194,Oticas_BH,10570,03,Cartao_Credito,,1290.0,1290.0
2026-02-11,18960845000194,Oticas_BH,10571,13,13,,4900.0,4900.0
2026-02-11,18960845000194,Oticas_BH,10572,03,Cartao_Credito,,2640.0,2640.0
2026-02-13,18960845000194,Oticas_BH,10573,04,Cartao_Debito,,1512.0,1512.0
2026-02-13,18960845000194,Oticas_BH,10574,03,Cartao_Credito,,1700.0,1700.0
2026-02-13,18960845000194,Oticas_BH,10575,04,Cartao_Debito,,990.0,990.0
2026-02-13,18960845000194,Oticas_BH,10576,03,Cartao_Credito,,1980.0,1980.0
2026-02-13,18960845000194,Oticas_BH,10577,03,Cartao_Credito,,2300.0,2300.0
2026-02-13,18960845000194,Oticas_BH,10578,03,Cartao_Credito,,845.0,845.0
2026-02-13,18960845000194,Oticas_BH,10579,03,Cartao_Credito,,400.0,400.0
2026-02-13,18960845000194,Oticas_BH,10580,03,Cartao_Credito,,2380.0,2380.0
2026-02-13,18960845000194,Oticas_BH,10581,04,Cartao_Debito,,2850.0,2850.0
2026-02-13,18960845000194,Oticas_BH,10582,03,Cartao_Credito,,1380.0,1380.0
2026-02-13,18960845000194,Oticas_BH,10583,13,13,,2660.0,2660.0
2026-02-13,18960845000194,Oticas_BH,10584,13,13,,1390.0,1390.0
2026-02-19,18960845000194,Oticas_BH,10585,03,Cartao_Credito,,2300.0,2300.0
2026-02-19,18960845000194,Oticas_BH,10586,03,Cartao_Credito,,1050.0,1050.0
2026-02-19,18960845000194,Oticas_BH,10587,04,Cartao_Debito,,970.0,2470.0
2026-02-19,18960845000194,Oticas_BH,10587,03,Cartao_Credito,,1500.0,2470.0
2026-02-19,18960845000194,Oticas_BH,10588,03,Cartao_Credito,,980.0,980.0
2026-02-19,18960845000194,Oticas_BH,10589,03,Cartao_Credito,,1600.0,1600.0
2026-02-19,18960845000194,Oticas_BH,10590,04,Cartao_Debito,,1700.0,4200.0
2026-02-19,18960845000194,Oticas_BH,10590,03,Cartao_Credito,,2500.0,4200.0
2026-02-19,18960845000194,Oticas_BH,10591,13,13,,1760.0,1760.0
2026-02-19,18960845000194,Oticas_BH,10592,03,Cartao_Credito,,350.0,350.0
2026-02-19,18960845000194,Oticas_BH,10593,03,Cartao_Credito,,640.0,640.0
2026-02-19,18960845000194,Oticas_BH,10594,13,13,,1000.0,2320.0
2026-02-19,18960845000194,Oticas_BH,10594,03,Cartao_Credito,,1320.0,2320.0
2026-02-20,18960845000194,Oticas_BH,10595,03,Cartao_Credito,,2950.0,2950.0
2026-02-20,18960845000194,Oticas_BH,10596,03,Cartao_Credito,,1380.0,1380.0
2026-02-20,18960845000194,Oticas_BH,10597,13,13,,2990.0,2990.0
2026-02-20,18960845000194,Oticas_BH,10598,03,Cartao_Credito,,1600.0,1600.0
2026-02-20,18960845000194,Oticas_BH,10599,13,13,,620.0,620.0
2026-02-24,18960845000194,Oticas_BH,10600,03,Cartao_Credito,,1100.0,1100.0
2026-02-24,18960845000194,Oticas_BH,10601,13,13,,400.0,2400.0
2026-02-24,18960845000194,Oticas_BH,10601,03,Cartao_Credito,,2000.0,2400.0
2026-02-24,18960845000194,Oticas_BH,10602,03,Cartao_Credito,,1250.0,1250.0
2026-02-24,18960845000194,Oticas_BH,10603,03,Cartao_Credito,,1550.0,1550.0
2026-02-24,18960845000194,Oticas_BH,10604,13,13,,1200.0,1200.0
2026-02-24,18960845000194,Oticas_BH,10605,04,Cartao_Debito,,220.0,220.0
2026-02-25,18960845000194,Oticas_BH,10606,03,Cartao_Credito,,5800.0,5800.0
2026-02-25,18960845000194,Oticas_BH,10607,03,Cartao_Credito,,1890.0,1890.0
2026-02-25,18960845000194,Oticas_BH,10608,03,Cartao_Credito,,2546.0,2546.0
2026-02-25,18960845000194,Oticas_BH,10609,03,Cartao_Credito,,2750.0,2750.0
2026-02-26,18960845000194,Oticas_BH,10610,03,Cartao_Credito,,1500.0,1500.0
2026-02-26,18960845000194,Oticas_BH,10611,03,Cartao_Credito,,770.0,770.0
2026-02-26,18960845000194,Oticas_BH,10612,03,Cartao_Credito,,990.0,990.0
2026-02-26,18960845000194,Oticas_BH,10613,04,Cartao_Debito,,220.0,220.0
2026-02-26,18960845000194,Oticas_BH,10614,03,Cartao_Credito,,1100.0,1100.0
2026-02-26,18960845000194,Oticas_BH,10615,03,Cartao_Credito,,850.0,850.0
2026-02-26,18960845000194,Oticas_BH,10616,03,Cartao_Credito,,2430.0,2430.0
2026-02-27,18960845000194,Oticas_BH,10617,04,Cartao_Debito,,1000.0,2200.0
2026-02-27,18960845000194,Oticas_BH,10617,03,Cartao_Credito,,1200.0,2200.0
2026-02-27,18960845000194,Oticas_BH,10618,03,Cartao_Credito,,1490.0,1490.0
2026-02-05,07843328000119,Matriz_Luminis,3420,03,Cartao_Credito,,1980.0,1980.0
2026-02-05,07843328000119,Matriz_Luminis,3421,03,Cartao_Credito,,1500.0,1500.0
2026-02-05,07843328000119,Matriz_Luminis,3422,04,Cartao_Debito,,600.0,600.0
2026-02-11,07843328000119,Matriz_Luminis,3423,03,Cartao_Credito,,1600.0,1600.0
2026-02-11,07843328000119,Matriz_Luminis,3424,03,Cartao_Credito,,1200.0,1200.0
2026-02-11,07843328000119,Matriz_Luminis,3425,04,Cartao_Debito,,100.0,700.0
2026-02-11,07843328000119,Matriz_Luminis,3425,03,Cartao_Credito,,600.0,700.0
2026-02-26,07843328000119,Matriz_Luminis,3426,03,Cartao_Credito,,1900.0,1900.0
2026-02-26,07843328000119,Matriz_Luminis,3427,03,Cartao_Credito,,1200.0,1200.0
2026-02-26,07843328000119,Matriz_Luminis,3428,03,Cartao_Credito,,800.0,800.0
2026-02-26,07843328000119,Matriz_Luminis,3429,03,Cartao_Credito,,900.0,900.0
2026-02-26,07843328000119,Matriz_Luminis,3430,03,Cartao_Credito,,1200.0,1200.0
2026-02-26,07843328000119,Matriz_Luminis,3431,03,Cartao_Credito,,1620.0,1620.0
2026-02-26,07843328000119,Matriz_Luminis,3432,03,Cartao_Credito,,2890.0,2890.0
2026-02-26,07843328000119,Matriz_Luminis,3433,03,Cartao_Credito,,1165.0,1165.0
2026-02-26,07843328000119,Matriz_Luminis,3434,03,Cartao_Credito,,6940.0,6940.0
2026-02-26,07843328000119,Matriz_Luminis,3435,20,20,,1850.0,1850.0
2026-02-26,07843328000119,Matriz_Luminis,3436,03,Cartao_Credito,,2500.0,2500.0
2026-02-26,07843328000119,Matriz_Luminis,3437,03,Cartao_Credito,,1890.0,1890.0
2026-02-26,07843328000119,Matriz_Luminis,3438,03,Cartao_Credito,,250.0,250.0
2026-02-26,07843328000119,Matriz_Luminis,3439,03,Cartao_Credito,,950.0,950.0
2026-02-26,07843328000119,Matriz_Luminis,3440,04,Cartao_Debito,,180.0,180.0
2026-02-26,07843328000119,Matriz_Luminis,3441,03,Cartao_Credito,,2000.0,3350.0
2026-02-26,07843328000119,Matriz_Luminis,3441,20,20,,1350.0,3350.0
2026-02-26,07843328000119,Matriz_Luminis,3442,03,Cartao_Credito,,3550.0,3550.0
2026-02-26,07843328000119,Matriz_Luminis,3443,03,Cartao_Credito,,1600.0,1600.0
2026-02-26,07843328000119,Matriz_Luminis,3444,03,Cartao_Credito,,1050.0,1050.0
2026-02-27,07843328000119,Matriz_Luminis,3445,03,Cartao_Credito,,700.0,700.0
2026-02-27,07843328000119,Matriz_Luminis,3446,03,Cartao_Credito,,1550.0,1550.0
2026-02-27,07843328000119,Matriz_Luminis,3447,03,Cartao_Credito,,2900.0,2900.0
2026-02-27,07843328000119,Matriz_Luminis,3448,03,Cartao_Credito,,587.0,587.0
2026-03-16,07843328000208,Filial_Proview,6281,03,Cartao_Credito,,4856.0,4856.0
2026-03-16,07843328000208,Filial_Proview,6282,03,Cartao_Credito,,2400.0,2400.0
2026-03-16,07843328000208,Filial_Proview,6283,03,Cartao_Credito,,4500.0,4500.0
2026-03-16,07843328000208,Filial_Proview,6284,03,Cartao_Credito,,2889.0,2889.0
2026-03-16,07843328000208,Filial_Proview,6285,03,Cartao_Credito,,1000.0,1000.0
2026-03-16,07843328000208,Filial_Proview,6286,03,Cartao_Credito,,2420.0,2420.0
2026-03-16,07843328000208,Filial_Proview,6287,03,Cartao_Credito,,2140.0,2140.0
2026-03-16,07843328000208,Filial_Proview,6288,03,Cartao_Credito,,3500.0,3500.0
2026-03-16,07843328000208,Filial_Proview,6289,03,Cartao_Credito,,2590.0,2590.0
2026-03-16,07843328000208,Filial_Proview,6290,03,Cartao_Credito,,2490.0,2490.0
2026-03-16,07843328000208,Filial_Proview,6291,17,PIX,,2000.0,2000.0
2026-03-23,07843328000208,Filial_Proview,6292,03,Cartao_Credito,,2530.0,2530.0
2026-03-26,07843328000208,Filial_Proview,6293,17,PIX,,1088.0,1088.0
2026-03-27,07843328000208,Filial_Proview,6294,03,Cartao_Credito,,2700.0,2700.0
2026-03-28,07843328000208,Filial_Proview,6295,03,Cartao_Credito,,7000.0,7000.0
2026-03-28,07843328000208,Filial_Proview,6296,03,Cartao_Credito,,3400.0,3400.0
2026-03-28,07843328000208,Filial_Proview,6297,03,Cartao_Credito,,2450.0,2450.0
2026-03-28,07843328000208,Filial_Proview,6298,03,Cartao_Credito,,4500.0,4500.0
2026-03-28,07843328000208,Filial_Proview,6299,03,Cartao_Credito,,2550.0,2550.0
2026-03-28,07843328000208,Filial_Proview,6300,03,Cartao_Credito,,1500.0,1500.0
2026-03-28,07843328000208,Filial_Proview,6301,03,Cartao_Credito,,1725.0,1725.0
2026-03-28,07843328000208,Filial_Proview,6302,03,Cartao_Credito,,1850.0,1850.0
2026-03-28,07843328000208,Filial_Proview,6303,03,Cartao_Credito,,1180.0,1180.0
2026-03-28,07843328000208,Filial_Proview,6304,03,Cartao_Credito,,1250.0,1250.0
2026-03-28,07843328000208,Filial_Proview,6305,03,Cartao_Credito,,1700.0,1700.0
2026-03-30,07843328000208,Filial_Proview,6306,03,Cartao_Credito,,5100.0,5100.0
2026-03-30,07843328000208,Filial_Proview,6307,03,Cartao_Credito,,2590.0,2590.0
2026-03-30,07843328000208,Filial_Proview,6308,03,Cartao_Credito,,1900.0,1900.0
2026-03-30,07843328000208,Filial_Proview,6309,03,Cartao_Credito,,400.0,400.0
2026-03-30,07843328000208,Filial_Proview,6310,03,Cartao_Credito,,460.0,460.0
2026-03-30,07843328000208,Filial_Proview,6311,03,Cartao_Credito,,1000.0,1000.0
2026-03-30,07843328000208,Filial_Proview,6312,03,Cartao_Credito,,870.0,870.0
2026-03-30,07843328000208,Filial_Proview,6313,03,Cartao_Credito,,1090.0,1090.0
2026-03-30,07843328000208,Filial_Proview,6314,03,Cartao_Credito,,990.0,990.0
2026-03-30,07843328000208,Filial_Proview,6315,03,Cartao_Credito,,1200.0,1200.0
2026-03-31,07843328000208,Filial_Proview,6316,03,Cartao_Credito,,800.0,800.0
2026-03-31,07843328000208,Filial_Proview,6317,03,Cartao_Credito,,2400.0,2400.0
2026-03-31,07843328000208,Filial_Proview,6319,03,Cartao_Credito,,2500.0,2500.0
2026-03-31,07843328000208,Filial_Proview,6320,03,Cartao_Credito,,2600.0,2600.0
2026-03-31,07843328000208,Filial_Proview,6321,17,PIX,,930.0,930.0
2026-03-31,07843328000208,Filial_Proview,6322,03,Cartao_Credito,,949.0,949.0
2026-03-11,07843328000119,Matriz_Luminis,3449,03,Cartao_Credito,,3050.0,3050.0
2026-03-11,07843328000119,Matriz_Luminis,3450,03,Cartao_Credito,,1800.0,1800.0
2026-03-11,07843328000119,Matriz_Luminis,3451,20,20,,2290.0,2290.0
2026-03-11,07843328000119,Matriz_Luminis,3452,03,Cartao_Credito,,2790.0,2790.0
2026-03-18,07843328000119,Matriz_Luminis,3453,03,Cartao_Credito,,1890.0,1890.0
2026-03-18,07843328000119,Matriz_Luminis,3454,03,Cartao_Credito,,2550.0,2550.0
2026-03-18,07843328000119,Matriz_Luminis,3455,03,Cartao_Credito,,1890.0,1890.0
2026-03-18,07843328000119,Matriz_Luminis,3456,03,Cartao_Credito,,2550.0,2550.0
2026-03-18,07843328000119,Matriz_Luminis,3457,03,Cartao_Credito,,2150.0,2150.0
2026-03-18,07843328000119,Matriz_Luminis,3458,03,Cartao_Credito,,2150.0,2150.0
2026-03-18,07843328000119,Matriz_Luminis,3459,03,Cartao_Credito,,2880.0,2880.0
2026-03-18,07843328000119,Matriz_Luminis,3460,03,Cartao_Credito,,3100.0,3100.0
2026-03-18,07843328000119,Matriz_Luminis,3461,03,Cartao_Credito,,2100.0,2100.0
2026-03-25,07843328000119,Matriz_Luminis,3462,03,Cartao_Credito,,820.0,820.0
2026-03-25,07843328000119,Matriz_Luminis,3463,03,Cartao_Credito,,295.0,295.0
2026-03-25,07843328000119,Matriz_Luminis,3464,20,20,,2000.0,2000.0
2026-03-25,07843328000119,Matriz_Luminis,3465,20,20,,1000.0,1000.0
2026-03-25,07843328000119,Matriz_Luminis,3466,03,Cartao_Credito,,900.0,900.0
2026-03-25,07843328000119,Matriz_Luminis,3467,03,Cartao_Credito,,1700.0,1700.0
2026-03-25,07843328000119,Matriz_Luminis,3468,03,Cartao_Credito,,750.0,750.0
2026-03-25,07843328000119,Matriz_Luminis,3469,03,Cartao_Credito,,560.0,560.0
2026-03-25,07843328000119,Matriz_Luminis,3470,03,Cartao_Credito,,980.0,980.0
2026-03-25,07843328000119,Matriz_Luminis,3471,03,Cartao_Credito,,990.0,990.0
2026-03-25,07843328000119,Matriz_Luminis,3472,03,Cartao_Credito,,310.0,310.0
2026-03-25,07843328000119,Matriz_Luminis,3473,03,Cartao_Credito,,1150.0,1150.0
2026-03-25,07843328000119,Matriz_Luminis,3474,03,Cartao_Credito,,800.0,800.0
2026-03-25,07843328000119,Matriz_Luminis,3475,03,Cartao_Credito,,1620.0,1620.0
2026-03-25,07843328000119,Matriz_Luminis,3476,03,Cartao_Credito,,1300.0,1300.0
2026-03-26,07843328000119,Matriz_Luminis,3477,03,Cartao_Credito,,1600.0,1600.0
2026-03-26,07843328000119,Matriz_Luminis,3478,03,Cartao_Credito,,2870.0,2870.0
2026-03-26,07843328000119,Matriz_Luminis,3479,04,Cartao_Debito,,2900.0,2900.0
2026-03-26,07843328000119,Matriz_Luminis,3480,04,Cartao_Debito,,500.0,500.0
2026-03-26,07843328000119,Matriz_Luminis,3481,04,Cartao_Debito,,1510.0,1510.0
2026-03-26,07843328000119,Matriz_Luminis,3482,20,20,,50.0,650.0
2026-03-26,07843328000119,Matriz_Luminis,3482,03,Cartao_Credito,,600.0,650.0
2026-03-26,07843328000119,Matriz_Luminis,3483,03,Cartao_Credito,,1490.0,1490.0
2026-03-26,07843328000119,Matriz_Luminis,3484,03,Cartao_Credito,,500.0,500.0
2026-03-31,07843328000119,Matriz_Luminis,3485,03,Cartao_Credito,,2000.0,2000.0
2026-03-31,07843328000119,Matriz_Luminis,3486,03,Cartao_Credito,,2450.0,2450.0
2026-03-31,07843328000119,Matriz_Luminis,3487,03,Cartao_Credito,,1390.0,1390.0
2026-03-31,07843328000119,Matriz_Luminis,3488,20,20,,1000.0,1000.0
2026-03-31,07843328000119,Matriz_Luminis,3489,03,Cartao_Credito,,2000.0,2000.0
2026-03-09,18960845000194,Oticas_BH,10619,13,13,,3300.0,3300.0
2026-03-09,18960845000194,Oticas_BH,10620,03,Cartao_Credito,,1600.0,1600.0
2026-03-09,18960845000194,Oticas_BH,10621,03,Cartao_Credito,,1600.0,1600.0
2026-03-09,18960845000194,Oticas_BH,10622,03,Cartao_Credito,,1200.0,1200.0
2026-03-09,18960845000194,Oticas_BH,10623,03,Cartao_Credito,,950.0,950.0
2026-03-09,18960845000194,Oticas_BH,10624,13,13,,1000.0,3970.0
2026-03-09,18960845000194,Oticas_BH,10624,13,13,,2970.0,3970.0
2026-03-09,18960845000194,Oticas_BH,10625,03,Cartao_Credito,,1500.0,4400.0
2026-03-09,18960845000194,Oticas_BH,10625,04,Cartao_Debito,,2900.0,4400.0
2026-03-09,18960845000194,Oticas_BH,10626,13,13,,1800.0,1800.0
2026-03-09,18960845000194,Oticas_BH,10627,03,Cartao_Credito,,990.0,990.0
2026-03-09,18960845000194,Oticas_BH,10628,03,Cartao_Credito,,1100.0,1100.0
2026-03-09,18960845000194,Oticas_BH,10629,03,Cartao_Credito,,790.0,790.0
2026-03-09,18960845000194,Oticas_BH,10630,03,Cartao_Credito,,1100.0,1100.0
2026-03-09,18960845000194,Oticas_BH,10631,03,Cartao_Credito,,900.0,900.0
2026-03-09,18960845000194,Oticas_BH,10632,03,Cartao_Credito,,3130.0,3130.0
2026-03-12,18960845000194,Oticas_BH,10633,13,13,,200.0,450.0
2026-03-12,18960845000194,Oticas_BH,10633,03,Cartao_Credito,,250.0,450.0
2026-03-12,18960845000194,Oticas_BH,10634,03,Cartao_Credito,,3500.0,3500.0
2026-03-12,18960845000194,Oticas_BH,10635,13,13,,1500.0,1500.0
2026-03-12,18960845000194,Oticas_BH,10636,03,Cartao_Credito,,1550.0,1550.0
2026-03-12,18960845000194,Oticas_BH,10637,03,Cartao_Credito,,3400.0,3400.0
2026-03-12,18960845000194,Oticas_BH,10638,03,Cartao_Credito,,3850.0,3850.0
2026-03-12,18960845000194,Oticas_BH,10639,03,Cartao_Credito,,3400.0,3400.0
2026-03-12,18960845000194,Oticas_BH,10640,03,Cartao_Credito,,890.0,890.0
2026-03-12,18960845000194,Oticas_BH,10641,03,Cartao_Credito,,2890.0,2890.0
2026-03-16,18960845000194,Oticas_BH,10642,03,Cartao_Credito,,2400.0,2400.0
2026-03-16,18960845000194,Oticas_BH,10643,03,Cartao_Credito,,1880.0,1880.0
2026-03-16,18960845000194,Oticas_BH,10644,03,Cartao_Credito,,390.0,390.0
2026-03-16,18960845000194,Oticas_BH,10645,03,Cartao_Credito,,3070.0,3070.0
2026-03-16,18960845000194,Oticas_BH,10646,13,13,,1000.0,2600.0
2026-03-16,18960845000194,Oticas_BH,10646,03,Cartao_Credito,,1600.0,2600.0
2026-03-16,18960845000194,Oticas_BH,10647,03,Cartao_Credito,,1900.0,1900.0
2026-03-16,18960845000194,Oticas_BH,10648,03,Cartao_Credito,,2700.0,2700.0
2026-03-16,18960845000194,Oticas_BH,10649,13,13,,150.0,1200.0
2026-03-16,18960845000194,Oticas_BH,10649,03,Cartao_Credito,,1050.0,1200.0
2026-03-16,18960845000194,Oticas_BH,10650,03,Cartao_Credito,,3000.0,3000.0
2026-03-16,18960845000194,Oticas_BH,10651,04,Cartao_Debito,,990.0,990.0
2026-03-17,18960845000194,Oticas_BH,10652,04,Cartao_Debito,,1080.0,1080.0
2026-03-17,18960845000194,Oticas_BH,10653,04,Cartao_Debito,,1080.0,1080.0
2026-03-17,18960845000194,Oticas_BH,10654,03,Cartao_Credito,,1116.0,1116.0
2026-03-17,18960845000194,Oticas_BH,10655,03,Cartao_Credito,,590.0,590.0
2026-03-17,18960845000194,Oticas_BH,10656,03,Cartao_Credito,,990.0,990.0
2026-03-17,18960845000194,Oticas_BH,10657,13,13,,300.0,700.0
2026-03-17,18960845000194,Oticas_BH,10657,03,Cartao_Credito,,400.0,700.0
2026-03-17,18960845000194,Oticas_BH,10658,03,Cartao_Credito,,220.0,220.0
2026-03-17,18960845000194,Oticas_BH,10659,03,Cartao_Credito,,2400.0,2400.0
2026-03-18,18960845000194,Oticas_BH,10660,13,13,,180.0,1580.0
2026-03-18,18960845000194,Oticas_BH,10660,03,Cartao_Credito,,1400.0,1580.0
2026-03-20,18960845000194,Oticas_BH,10661,04,Cartao_Debito,,2000.0,5165.0
2026-03-20,18960845000194,Oticas_BH,10661,03,Cartao_Credito,,3165.0,5165.0
2026-03-20,18960845000194,Oticas_BH,10662,03,Cartao_Credito,,430.0,430.0
2026-03-20,18960845000194,Oticas_BH,10663,03,Cartao_Credito,,990.0,990.0
2026-03-20,18960845000194,Oticas_BH,10664,13,13,,1600.0,1600.0
2026-03-20,18960845000194,Oticas_BH,10665,03,Cartao_Credito,,3550.0,3550.0
2026-03-20,18960845000194,Oticas_BH,10666,03,Cartao_Credito,,11880.0,11880.0
2026-03-20,18960845000194,Oticas_BH,10667,03,Cartao_Credito,,1500.0,1500.0
2026-03-20,18960845000194,Oticas_BH,10669,03,Cartao_Credito,,3520.0,3520.0
2026-03-20,18960845000194,Oticas_BH,10670,03,Cartao_Credito,,1400.0,1400.0
2026-03-20,18960845000194,Oticas_BH,10671,03,Cartao_Credito,,3050.0,3050.0
2026-03-20,18960845000194,Oticas_BH,10672,13,13,,1000.0,4250.0
2026-03-20,18960845000194,Oticas_BH,10672,03,Cartao_Credito,,3250.0,4250.0
2026-03-20,18960845000194,Oticas_BH,10673,03,Cartao_Credito,,3040.0,3040.0
2026-03-20,18960845000194,Oticas_BH,10674,13,13,,1300.0,1300.0
2026-03-23,18960845000194,Oticas_BH,10675,03,Cartao_Credito,,700.0,700.0
2026-03-23,18960845000194,Oticas_BH,10676,03,Cartao_Credito,,1340.0,1340.0
2026-03-23,18960845000194,Oticas_BH,10677,03,Cartao_Credito,,1800.0,1800.0
2026-03-23,18960845000194,Oticas_BH,10678,04,Cartao_Debito,,1600.0,1600.0
2026-03-23,18960845000194,Oticas_BH,10679,13,13,,2000.0,5100.0
2026-03-23,18960845000194,Oticas_BH,10679,03,Cartao_Credito,,3100.0,5100.0
2026-03-23,18960845000194,Oticas_BH,10680,13,13,,700.0,700.0
2026-03-24,18960845000194,Oticas_BH,10681,03,Cartao_Credito,,2190.0,2190.0
2026-03-25,18960845000194,Oticas_BH,10682,04,Cartao_Debito,,720.0,1800.0
2026-03-25,18960845000194,Oticas_BH,10682,03,Cartao_Credito,,1080.0,1800.0
2026-03-25,18960845000194,Oticas_BH,10683,04,Cartao_Debito,,1900.0,1900.0
2026-03-26,18960845000194,Oticas_BH,10684,03,Cartao_Credito,,560.0,560.0
2026-03-26,18960845000194,Oticas_BH,10685,03,Cartao_Credito,,400.0,400.0
2026-03-26,18960845000194,Oticas_BH,10686,03,Cartao_Credito,,800.0,800.0
2026-03-26,18960845000194,Oticas_BH,10687,13,13,,1638.0,1638.0
2026-03-26,18960845000194,Oticas_BH,10688,03,Cartao_Credito,,1290.0,1290.0
2026-03-26,18960845000194,Oticas_BH,10689,13,13,,4920.0,4920.0
2026-03-26,18960845000194,Oticas_BH,10690,03,Cartao_Credito,,250.0,250.0
2026-03-31,18960845000194,Oticas_BH,10691,04,Cartao_Debito,,3700.0,3700.0
2026-03-31,18960845000194,Oticas_BH,10692,03,Cartao_Credito,,2100.0,2100.0
2026-03-31,18960845000194,Oticas_BH,10693,03,Cartao_Credito,,2200.0,2200.0
2026-03-31,18960845000194,Oticas_BH,10694,04,Cartao_Debito,,2826.0,2826.0
2026-03-31,18960845000194,Oticas_BH,10695,04,Cartao_Debito,,3900.0,3900.0
2026-03-31,18960845000194,Oticas_BH,10696,03,Cartao_Credito,,2290.0,2290.0
2026-03-31,18960845000194,Oticas_BH,10697,04,Cartao_Debito,,304.0,790.0
2026-03-31,18960845000194,Oticas_BH,10697,03,Cartao_Credito,,486.0,790.0
2026-03-31,18960845000194,Oticas_BH,10698,03,Cartao_Credito,,1600.0,1800.0
2026-03-31,18960845000194,Oticas_BH,10698,04,Cartao_Debito,,200.0,1800.0
2026-03-31,18960845000194,Oticas_BH,10699,13,13,,300.0,800.0
2026-03-31,18960845000194,Oticas_BH,10699,03,Cartao_Credito,,200.0,800.0
2026-03-31,18960845000194,Oticas_BH,10699,13,13,,300.0,800.0
2026-03-31,18960845000194,Oticas_BH,10700,13,13,,1600.0,1600.0
2026-03-31,18960845000194,Oticas_BH,10701,13,13,,105.0,200.0
2026-03-31,18960845000194,Oticas_BH,10701,04,Cartao_Debito,,25.0,200.0
2026-03-31,18960845000194,Oticas_BH,10701,13,13,,70.0,200.0
2026-03-31,18960845000194,Oticas_BH,10702,13,13,,1000.0,1000.0
2026-03-31,18960845000194,Oticas_BH,10703,13,13,,2000.0,2000.0
2026-03-31,18960845000194,Oticas_BH,10704,03,Cartao_Credito,,500.0,500.0
2026-03-31,18960845000194,Oticas_BH,10705,03,Cartao_Credito,,1900.0,1900.0
2026-03-31,18960845000194,Oticas_BH,10706,13,13,,1500.0,1500.0
2026-04-02,07843328000208,Filial_Proview,6323,17,PIX,,1470.0,2970.0
2026-04-02,07843328000208,Filial_Proview,6323,03,Cartao_Credito,,1500.0,2970.0
2026-04-09,07843328000208,Filial_Proview,6324,03,Cartao_Credito,,1750.0,1750.0
2026-04-09,07843328000208,Filial_Proview,6325,03,Cartao_Credito,,3600.0,3600.0
2026-04-09,07843328000208,Filial_Proview,6326,03,Cartao_Credito,,3300.0,3300.0
2026-04-09,07843328000208,Filial_Proview,6328,03,Cartao_Credito,,1900.0,1900.0
2026-04-17,07843328000208,Filial_Proview,6330,03,Cartao_Credito,,3450.0,3450.0
2026-04-20,07843328000208,Filial_Proview,6331,03,Cartao_Credito,,18790.0,18790.0
2026-04-20,07843328000208,Filial_Proview,6332,03,Cartao_Credito,,18790.0,18790.0
2026-04-20,07843328000208,Filial_Proview,6333,03,Cartao_Credito,,1400.0,1400.0
2026-04-20,07843328000208,Filial_Proview,6334,03,Cartao_Credito,,1400.0,1400.0
2026-04-22,07843328000208,Filial_Proview,6335,17,PIX,,1900.0,1900.0
2026-04-22,07843328000208,Filial_Proview,6336,17,PIX,,1900.0,1900.0
2026-04-24,07843328000208,Filial_Proview,6337,03,Cartao_Credito,,8690.0,8690.0
2026-04-24,07843328000208,Filial_Proview,6338,03,Cartao_Credito,,8690.0,8690.0
2026-04-27,07843328000208,Filial_Proview,6339,03,Cartao_Credito,,3900.0,3900.0
2026-04-27,07843328000208,Filial_Proview,6340,03,Cartao_Credito,,3900.0,3900.0
2026-04-28,07843328000208,Filial_Proview,6341,03,Cartao_Credito,,1400.0,1400.0
2026-04-28,07843328000208,Filial_Proview,6342,03,Cartao_Credito,,1400.0,1400.0
2026-04-28,07843328000208,Filial_Proview,6343,04,Cartao_Debito,,600.0,600.0
2026-04-28,07843328000208,Filial_Proview,6344,04,Cartao_Debito,,600.0,600.0
2026-04-28,07843328000208,Filial_Proview,6345,03,Cartao_Credito,,2000.0,2000.0
2026-04-28,07843328000208,Filial_Proview,6346,03,Cartao_Credito,,2000.0,2000.0
2026-04-28,07843328000208,Filial_Proview,6347,03,Cartao_Credito,,870.0,870.0
2026-04-28,07843328000208,Filial_Proview,6348,03,Cartao_Credito,,870.0,870.0
2026-04-28,07843328000208,Filial_Proview,6349,03,Cartao_Credito,,2600.0,2600.0
2026-04-28,07843328000208,Filial_Proview,6350,03,Cartao_Credito,,2600.0,2600.0
2026-04-28,07843328000208,Filial_Proview,6351,03,Cartao_Credito,,1100.0,1100.0
2026-04-28,07843328000208,Filial_Proview,6352,03,Cartao_Credito,,1100.0,1100.0
2026-04-28,07843328000208,Filial_Proview,6353,03,Cartao_Credito,,1300.0,1300.0
2026-04-28,07843328000208,Filial_Proview,6354,03,Cartao_Credito,,1300.0,1300.0
2026-04-28,07843328000208,Filial_Proview,6355,03,Cartao_Credito,,500.0,500.0
2026-04-28,07843328000208,Filial_Proview,6356,03,Cartao_Credito,,500.0,500.0
2026-04-28,07843328000208,Filial_Proview,6358,03,Cartao_Credito,,600.0,600.0
2026-04-29,07843328000208,Filial_Proview,6359,03,Cartao_Credito,,1750.0,1750.0
2026-04-29,07843328000208,Filial_Proview,6360,03,Cartao_Credito,,1750.0,1750.0
2026-04-29,07843328000208,Filial_Proview,6361,03,Cartao_Credito,,2300.0,2300.0
2026-04-29,07843328000208,Filial_Proview,6362,03,Cartao_Credito,,2300.0,2300.0
2026-04-29,07843328000208,Filial_Proview,6363,03,Cartao_Credito,,1500.0,1500.0
2026-04-29,07843328000208,Filial_Proview,6364,03,Cartao_Credito,,1500.0,1500.0
2026-04-29,07843328000208,Filial_Proview,6365,03,Cartao_Credito,,1400.0,1400.0
2026-04-29,07843328000208,Filial_Proview,6366,03,Cartao_Credito,,1400.0,1400.0
2026-04-29,07843328000208,Filial_Proview,6367,03,Cartao_Credito,,1100.0,1100.0
2026-04-29,07843328000208,Filial_Proview,6368,03,Cartao_Credito,,1100.0,1100.0
2026-04-29,07843328000208,Filial_Proview,6369,03,Cartao_Credito,,2780.0,2780.0
2026-04-29,07843328000208,Filial_Proview,6370,03,Cartao_Credito,,2780.0,2780.0
2026-04-30,07843328000208,Filial_Proview,6373,03,Cartao_Credito,,6590.0,6590.0
2026-04-30,07843328000208,Filial_Proview,6374,03,Cartao_Credito,,6590.0,6590.0
2026-04-30,07843328000208,Filial_Proview,6375,03,Cartao_Credito,,1790.0,1790.0
2026-04-30,07843328000208,Filial_Proview,6376,03,Cartao_Credito,,1790.0,1790.0
2026-04-02,18960845000194,Oticas_BH,10707,13,13,,3200.0,3200.0
2026-04-07,18960845000194,Oticas_BH,10708,03,Cartao_Credito,,1600.0,1600.0
2026-04-07,18960845000194,Oticas_BH,10709,13,13,,400.0,1400.0
2026-04-07,18960845000194,Oticas_BH,10709,03,Cartao_Credito,,1000.0,1400.0
2026-04-07,18960845000194,Oticas_BH,10710,03,Cartao_Credito,,750.0,750.0
2026-04-07,18960845000194,Oticas_BH,10711,03,Cartao_Credito,,3230.0,3230.0
2026-04-07,18960845000194,Oticas_BH,10712,13,13,,3000.0,3000.0
2026-04-07,18960845000194,Oticas_BH,10713,03,Cartao_Credito,,1000.0,1000.0
2026-04-07,18960845000194,Oticas_BH,10714,13,13,,3960.0,6960.0
2026-04-07,18960845000194,Oticas_BH,10714,03,Cartao_Credito,,3000.0,6960.0
2026-04-07,18960845000194,Oticas_BH,10715,03,Cartao_Credito,,2950.0,2950.0
2026-04-09,18960845000194,Oticas_BH,10716,13,13,,5350.0,5350.0
2026-04-09,18960845000194,Oticas_BH,10717,03,Cartao_Credito,,1400.0,1400.0
2026-04-09,18960845000194,Oticas_BH,10718,03,Cartao_Credito,,1250.0,1250.0
2026-04-09,18960845000194,Oticas_BH,10720,03,Cartao_Credito,,2580.0,2580.0
2026-04-09,18960845000194,Oticas_BH,10722,01,Dinheiro,,500.0,500.0
2026-04-10,18960845000194,Oticas_BH,10723,13,13,,1450.0,1450.0
2026-04-10,18960845000194,Oticas_BH,10724,03,Cartao_Credito,,1880.0,1880.0
2026-04-10,18960845000194,Oticas_BH,10725,03,Cartao_Credito,,1900.0,1900.0
2026-04-10,18960845000194,Oticas_BH,10726,03,Cartao_Credito,,2590.0,2590.0
2026-04-13,18960845000194,Oticas_BH,10727,13,13,,5900.0,5900.0
2026-04-13,18960845000194,Oticas_BH,10728,03,Cartao_Credito,,1100.0,1100.0
2026-04-13,18960845000194,Oticas_BH,10729,03,Cartao_Credito,,800.0,800.0
2026-04-13,18960845000194,Oticas_BH,10730,03,Cartao_Credito,,2255.0,2555.0
2026-04-13,18960845000194,Oticas_BH,10730,04,Cartao_Debito,,300.0,2555.0
2026-04-17,18960845000194,Oticas_BH,10732,03,Cartao_Credito,,700.0,700.0
2026-04-20,18960845000194,Oticas_BH,10733,03,Cartao_Credito,,1953.0,1953.0
2026-04-20,18960845000194,Oticas_BH,10734,03,Cartao_Credito,,1260.0,1260.0
2026-04-20,18960845000194,Oticas_BH,10735,03,Cartao_Credito,,2340.0,2340.0
2026-04-20,18960845000194,Oticas_BH,10736,03,Cartao_Credito,,2960.0,2960.0
2026-04-20,18960845000194,Oticas_BH,10737,03,Cartao_Credito,,1700.0,1700.0
2026-04-20,18960845000194,Oticas_BH,10738,03,Cartao_Credito,,2850.0,2850.0
2026-04-20,18960845000194,Oticas_BH,10739,03,Cartao_Credito,,2100.0,2100.0
2026-04-20,18960845000194,Oticas_BH,10740,13,13,,200.0,700.0
2026-04-20,18960845000194,Oticas_BH,10740,03,Cartao_Credito,,500.0,700.0
2026-04-20,18960845000194,Oticas_BH,10741,03,Cartao_Credito,,220.0,220.0
2026-04-20,18960845000194,Oticas_BH,10742,13,13,,1450.0,1450.0
2026-04-22,18960845000194,Oticas_BH,10745,03,Cartao_Credito,,200.0,200.0
2026-04-22,18960845000194,Oticas_BH,10746,13,13,,1620.0,1620.0
2026-04-22,18960845000194,Oticas_BH,10747,13,13,,1600.0,1600.0
2026-04-22,18960845000194,Oticas_BH,10748,03,Cartao_Credito,,450.0,450.0
2026-04-22,18960845000194,Oticas_BH,10749,03,Cartao_Credito,,1260.0,1260.0
2026-04-22,18960845000194,Oticas_BH,10750,03,Cartao_Credito,,450.0,450.0
2026-04-22,18960845000194,Oticas_BH,10751,13,13,,1300.0,1300.0
2026-04-23,18960845000194,Oticas_BH,10752,03,Cartao_Credito,,1800.0,1800.0
2026-04-23,18960845000194,Oticas_BH,10753,03,Cartao_Credito,,3490.0,3490.0
2026-04-23,18960845000194,Oticas_BH,10754,03,Cartao_Credito,,4290.0,4290.0
2026-04-23,18960845000194,Oticas_BH,10755,03,Cartao_Credito,,2900.0,2900.0
2026-04-23,18960845000194,Oticas_BH,10756,13,13,,450.0,1000.0
2026-04-23,18960845000194,Oticas_BH,10756,03,Cartao_Credito,,550.0,1000.0
2026-04-23,18960845000194,Oticas_BH,10757,03,Cartao_Credito,,2962.0,2962.0
2026-04-23,18960845000194,Oticas_BH,10758,04,Cartao_Debito,,350.0,350.0
2026-04-24,18960845000194,Oticas_BH,10759,03,Cartao_Credito,,1380.0,1380.0
2026-04-24,18960845000194,Oticas_BH,10760,03,Cartao_Credito,,1460.0,1460.0
2026-04-24,18960845000194,Oticas_BH,10761,03,Cartao_Credito,,1476.0,1476.0
2026-04-27,18960845000194,Oticas_BH,10762,03,Cartao_Credito,,2190.0,2190.0
2026-04-27,18960845000194,Oticas_BH,10763,03,Cartao_Credito,,2190.0,2190.0
2026-04-27,18960845000194,Oticas_BH,10764,03,Cartao_Credito,,2300.0,2300.0
2026-04-27,18960845000194,Oticas_BH,10765,03,Cartao_Credito,,2000.0,2000.0
2026-04-27,18960845000194,Oticas_BH,10766,04,Cartao_Debito,,450.0,450.0
2026-04-27,18960845000194,Oticas_BH,10767,03,Cartao_Credito,,3690.0,3690.0
2026-04-27,18960845000194,Oticas_BH,10768,13,13,,990.0,990.0
2026-04-27,18960845000194,Oticas_BH,10769,04,Cartao_Debito,,2930.0,2930.0
2026-04-27,18960845000194,Oticas_BH,10770,04,Cartao_Debito,,360.0,720.0
2026-04-27,18960845000194,Oticas_BH,10770,13,13,,360.0,720.0
2026-04-28,18960845000194,Oticas_BH,10772,13,13,,710.0,710.0
2026-04-28,18960845000194,Oticas_BH,10774,03,Cartao_Credito,,450.0,450.0
2026-04-28,18960845000194,Oticas_BH,10775,13,13,,1000.0,2760.0
2026-04-28,18960845000194,Oticas_BH,10775,03,Cartao_Credito,,1760.0,2760.0
2026-04-29,18960845000194,Oticas_BH,10776,04,Cartao_Debito,,690.0,2690.0
2026-04-29,18960845000194,Oticas_BH,10776,03,Cartao_Credito,,2000.0,2690.0
2026-04-29,18960845000194,Oticas_BH,10777,03,Cartao_Credito,,450.0,450.0
2026-04-29,18960845000194,Oticas_BH,10778,03,Cartao_Credito,,900.0,900.0
2026-04-29,18960845000194,Oticas_BH,10779,13,13,,3000.0,3000.0
2026-04-29,18960845000194,Oticas_BH,10780,03,Cartao_Credito,,3000.0,3000.0
2026-04-30,18960845000194,Oticas_BH,10781,03,Cartao_Credito,,4300.0,4300.0
2026-04-30,18960845000194,Oticas_BH,10782,03,Cartao_Credito,,3300.0,3300.0
2026-04-30,18960845000194,Oticas_BH,10783,13,13,,2690.0,2690.0
2026-04-30,18960845000194,Oticas_BH,10784,03,Cartao_Credito,,3000.0,3000.0
2026-04-30,18960845000194,Oticas_BH,10785,04,Cartao_Debito,,2100.0,2100.0
2026-04-30,18960845000194,Oticas_BH,10786,03,Cartao_Credito,,1500.0,1500.0
2026-04-30,18960845000194,Oticas_BH,10788,03,Cartao_Credito,,560.0,560.0
2026-04-09,07843328000119,Matriz_Luminis,3491,03,Cartao_Credito,,2350.0,2350.0
2026-04-10,07843328000119,Matriz_Luminis,3492,03,Cartao_Credito,,1970.0,1970.0
2026-04-10,07843328000119,Matriz_Luminis,3493,04,Cartao_Debito,,700.0,700.0
2026-04-10,07843328000119,Matriz_Luminis,3494,03,Cartao_Credito,,150.0,150.0
2026-04-10,07843328000119,Matriz_Luminis,3495,20,20,,1039.0,1039.0
2026-04-10,07843328000119,Matriz_Luminis,3496,03,Cartao_Credito,,80.0,80.0
2026-04-29,07843328000119,Matriz_Luminis,3497,20,20,,1630.0,1630.0
2026-04-29,07843328000119,Matriz_Luminis,3498,03,Cartao_Credito,,3200.0,3200.0
2026-04-29,07843328000119,Matriz_Luminis,3499,03,Cartao_Credito,,1800.0,1800.0
2026-04-29,07843328000119,Matriz_Luminis,3500,03,Cartao_Credito,,800.0,800.0
2026-04-29,07843328000119,Matriz_Luminis,3501,03,Cartao_Credito,,2300.0,2300.0
2026-04-29,07843328000119,Matriz_Luminis,3502,20,20,,2000.0,2000.0
2026-04-29,07843328000119,Matriz_Luminis,3504,03,Cartao_Credito,,1100.0,1100.0
2026-04-29,07843328000119,Matriz_Luminis,3505,04,Cartao_Debito,,300.0,800.0
2026-04-29,07843328000119,Matriz_Luminis,3505,03,Cartao_Credito,,500.0,800.0
2026-04-29,07843328000119,Matriz_Luminis,3506,04,Cartao_Debito,,100.0,100.0
2026-04-29,07843328000119,Matriz_Luminis,3507,03,Cartao_Credito,,500.0,500.0
2026-04-29,07843328000119,Matriz_Luminis,3508,04,Cartao_Debito,,50.0,50.0
2026-04-29,07843328000119,Matriz_Luminis,3509,20,20,,50.0,50.0
2026-04-30,07843328000119,Matriz_Luminis,3510,20,20,,466.67,466.67
2026-04-30,07843328000119,Matriz_Luminis,3511,03,Cartao_Credito,,1750.0,1750.0
2026-04-30,07843328000119,Matriz_Luminis,3512,20,20,,466.67,466.67
2026-05-18,07843328000208,Filial_Proview,6377,03,Cartao_Credito,,3290.0,3290.0
2026-05-18,07843328000208,Filial_Proview,6378,03,Cartao_Credito,,2389.0,2389.0
2026-05-18,07843328000208,Filial_Proview,6379,03,Cartao_Credito,,1500.0,1500.0
2026-05-18,07843328000208,Filial_Proview,6380,03,Cartao_Credito,,3995.0,3995.0
2026-05-18,07843328000208,Filial_Proview,6381,03,Cartao_Credito,,3890.0,3890.0
2026-05-19,07843328000208,Filial_Proview,6382,04,Cartao_Debito,,200.0,200.0
2026-05-19,07843328000208,Filial_Proview,6383,03,Cartao_Credito,,270.0,270.0
2026-05-19,07843328000208,Filial_Proview,6384,03,Cartao_Credito,,450.0,450.0
2026-05-19,07843328000208,Filial_Proview,6385,03,Cartao_Credito,,450.0,450.0
2026-05-19,07843328000208,Filial_Proview,6386,03,Cartao_Credito,,450.0,450.0
2026-05-19,07843328000208,Filial_Proview,6387,03,Cartao_Credito,,900.0,900.0
2026-05-19,07843328000208,Filial_Proview,6388,03,Cartao_Credito,,2800.0,2800.0
2026-05-19,07843328000208,Filial_Proview,6389,03,Cartao_Credito,,1300.0,1300.0
2026-05-19,07843328000208,Filial_Proview,6390,04,Cartao_Debito,,2000.0,2000.0
2026-05-19,07843328000208,Filial_Proview,6391,04,Cartao_Debito,,1600.0,1600.0
2026-05-19,07843328000208,Filial_Proview,6392,04,Cartao_Debito,,3000.0,3000.0
2026-05-19,07843328000208,Filial_Proview,6393,03,Cartao_Credito,,1600.0,1600.0
2026-05-19,07843328000208,Filial_Proview,6394,04,Cartao_Debito,,1790.0,1790.0
2026-05-19,07843328000208,Filial_Proview,6395,03,Cartao_Credito,,1290.0,1290.0
2026-05-19,07843328000208,Filial_Proview,6396,03,Cartao_Credito,,1000.0,1000.0
2026-05-19,07843328000208,Filial_Proview,6397,03,Cartao_Credito,,1200.0,1200.0
2026-05-20,07843328000208,Filial_Proview,6398,03,Cartao_Credito,,3250.0,3250.0
2026-05-20,07843328000208,Filial_Proview,6399,03,Cartao_Credito,,850.0,850.0
2026-05-26,07843328000208,Filial_Proview,6400,03,Cartao_Credito,,3600.0,3600.0
2026-05-26,07843328000208,Filial_Proview,6401,03,Cartao_Credito,,3450.0,3450.0
2026-05-26,07843328000208,Filial_Proview,6402,03,Cartao_Credito,,2430.0,2430.0
2026-05-26,07843328000208,Filial_Proview,6403,03,Cartao_Credito,,1950.0,1950.0
2026-05-26,07843328000208,Filial_Proview,6404,03,Cartao_Credito,,1980.0,1980.0
2026-05-26,07843328000208,Filial_Proview,6405,03,Cartao_Credito,,1300.0,1300.0
2026-05-28,07843328000208,Filial_Proview,6406,03,Cartao_Credito,,1700.0,1700.0
2026-05-29,07843328000208,Filial_Proview,6407,03,Cartao_Credito,,4600.0,4600.0
2026-05-29,07843328000208,Filial_Proview,6408,03,Cartao_Credito,,1100.0,1100.0
2026-05-29,07843328000208,Filial_Proview,6409,04,Cartao_Debito,,2940.0,2940.0
2026-05-29,07843328000208,Filial_Proview,6410,03,Cartao_Credito,,3300.0,3300.0
2026-05-29,07843328000208,Filial_Proview,6412,13,13,,850.0,850.0
2026-05-29,07843328000208,Filial_Proview,6413,04,Cartao_Debito,,2000.0,2000.0
2026-05-29,07843328000208,Filial_Proview,6414,04,Cartao_Debito,,400.0,400.0
2026-05-29,07843328000208,Filial_Proview,6415,03,Cartao_Credito,,600.0,600.0
2026-05-29,07843328000208,Filial_Proview,6416,03,Cartao_Credito,,3400.0,3400.0
2026-05-29,07843328000208,Filial_Proview,6417,13,13,,2180.0,2180.0
2026-05-29,07843328000208,Filial_Proview,6418,13,13,,3080.0,3080.0
2026-05-05,18960845000194,Oticas_BH,10789,03,Cartao_Credito,,740.0,740.0
2026-05-13,18960845000194,Oticas_BH,10790,03,Cartao_Credito,,2600.0,2600.0
2026-05-13,18960845000194,Oticas_BH,10791,13,13,,1000.0,2400.0
2026-05-13,18960845000194,Oticas_BH,10791,03,Cartao_Credito,,1400.0,2400.0
2026-05-13,18960845000194,Oticas_BH,10792,03,Cartao_Credito,,2000.0,2000.0
2026-05-13,18960845000194,Oticas_BH,10793,03,Cartao_Credito,,2000.0,2000.0
2026-05-13,18960845000194,Oticas_BH,10794,03,Cartao_Credito,,1650.0,1650.0
2026-05-13,18960845000194,Oticas_BH,10795,03,Cartao_Credito,,1000.0,1000.0
2026-05-13,18960845000194,Oticas_BH,10796,03,Cartao_Credito,,710.0,710.0
2026-05-13,18960845000194,Oticas_BH,10797,03,Cartao_Credito,,7600.0,7600.0
2026-05-13,18960845000194,Oticas_BH,10798,13,13,,10000.0,10000.0
2026-05-15,18960845000194,Oticas_BH,10800,13,13,,900.0,900.0
2026-05-15,18960845000194,Oticas_BH,10801,03,Cartao_Credito,,900.0,900.0
2026-05-15,18960845000194,Oticas_BH,10802,03,Cartao_Credito,,3390.0,3390.0
2026-05-15,18960845000194,Oticas_BH,10803,13,13,,600.0,600.0
2026-05-15,18960845000194,Oticas_BH,10804,03,Cartao_Credito,,990.0,990.0
2026-05-15,18960845000194,Oticas_BH,10805,03,Cartao_Credito,,450.0,450.0
2026-05-15,18960845000194,Oticas_BH,10806,03,Cartao_Credito,,3400.0,3400.0
2026-05-15,18960845000194,Oticas_BH,10807,03,Cartao_Credito,,1000.0,1000.0
2026-05-15,18960845000194,Oticas_BH,10808,13,13,,2350.0,2350.0
2026-05-18,18960845000194,Oticas_BH,10809,03,Cartao_Credito,,990.0,990.0
2026-05-18,18960845000194,Oticas_BH,10810,03,Cartao_Credito,,300.0,300.0
2026-05-18,18960845000194,Oticas_BH,10811,03,Cartao_Credito,,2280.0,2280.0
2026-05-18,18960845000194,Oticas_BH,10812,03,Cartao_Credito,,1200.0,1200.0
2026-05-18,18960845000194,Oticas_BH,10813,03,Cartao_Credito,,990.0,990.0
2026-05-18,18960845000194,Oticas_BH,10814,03,Cartao_Credito,,1450.0,1450.0
2026-05-18,18960845000194,Oticas_BH,10815,03,Cartao_Credito,,3900.0,3900.0
2026-05-18,18960845000194,Oticas_BH,10816,13,13,,200.0,2100.0
2026-05-18,18960845000194,Oticas_BH,10816,03,Cartao_Credito,,1900.0,2100.0
2026-05-18,18960845000194,Oticas_BH,10817,13,13,,700.0,1800.0
2026-05-18,18960845000194,Oticas_BH,10817,03,Cartao_Credito,,1100.0,1800.0
2026-05-19,18960845000194,Oticas_BH,10818,03,Cartao_Credito,,2840.0,2840.0
2026-05-19,18960845000194,Oticas_BH,10819,13,13,,530.0,530.0
2026-05-19,18960845000194,Oticas_BH,10820,03,Cartao_Credito,,7100.0,7100.0
2026-05-19,18960845000194,Oticas_BH,10821,03,Cartao_Credito,,1690.0,1690.0
2026-05-19,18960845000194,Oticas_BH,10822,13,13,,3000.0,5000.0
2026-05-19,18960845000194,Oticas_BH,10822,03,Cartao_Credito,,2000.0,5000.0
2026-05-20,18960845000194,Oticas_BH,10823,03,Cartao_Credito,,2210.0,2210.0
2026-05-20,18960845000194,Oticas_BH,10824,03,Cartao_Credito,,1767.0,1767.0
2026-05-20,18960845000194,Oticas_BH,10825,03,Cartao_Credito,,550.0,550.0
2026-05-20,18960845000194,Oticas_BH,10826,03,Cartao_Credito,,2400.0,2400.0
2026-05-21,18960845000194,Oticas_BH,10827,03,Cartao_Credito,,1250.0,1250.0
2026-05-21,18960845000194,Oticas_BH,10828,03,Cartao_Credito,,450.0,450.0
2026-05-21,18960845000194,Oticas_BH,10829,03,Cartao_Credito,,2600.0,2600.0
2026-05-21,18960845000194,Oticas_BH,10830,13,13,,1000.0,2740.0
2026-05-21,18960845000194,Oticas_BH,10830,03,Cartao_Credito,,1740.0,2740.0
2026-05-21,18960845000194,Oticas_BH,10831,13,13,,400.0,2750.0
2026-05-21,18960845000194,Oticas_BH,10831,03,Cartao_Credito,,2350.0,2750.0
2026-05-21,18960845000194,Oticas_BH,10832,03,Cartao_Credito,,812.0,812.0
2026-05-21,18960845000194,Oticas_BH,10833,03,Cartao_Credito,,1600.0,1600.0
2026-05-21,18960845000194,Oticas_BH,10834,03,Cartao_Credito,,1640.0,1640.0
2026-05-21,18960845000194,Oticas_BH,10835,03,Cartao_Credito,,1640.0,1640.0
2026-05-22,18960845000194,Oticas_BH,10836,03,Cartao_Credito,,800.0,800.0
2026-05-22,18960845000194,Oticas_BH,10837,13,13,,3840.0,3840.0
2026-05-25,18960845000194,Oticas_BH,10838,13,13,,800.0,800.0
2026-05-25,18960845000194,Oticas_BH,10839,03,Cartao_Credito,,1800.0,1800.0
2026-05-25,18960845000194,Oticas_BH,10840,03,Cartao_Credito,,1100.0,1100.0
2026-05-25,18960845000194,Oticas_BH,10841,03,Cartao_Credito,,650.0,650.0
2026-05-25,18960845000194,Oticas_BH,10842,03,Cartao_Credito,,3140.0,3140.0
2026-05-25,18960845000194,Oticas_BH,10843,03,Cartao_Credito,,520.0,520.0
2026-05-25,18960845000194,Oticas_BH,10844,03,Cartao_Credito,,5350.0,5350.0
2026-05-26,18960845000194,Oticas_BH,10845,03,Cartao_Credito,,3320.0,3320.0
2026-05-26,18960845000194,Oticas_BH,10846,13,13,,800.0,800.0
2026-05-26,18960845000194,Oticas_BH,10847,03,Cartao_Credito,,2595.0,2595.0
2026-05-26,18960845000194,Oticas_BH,10848,13,13,,490.0,490.0
2026-05-26,18960845000194,Oticas_BH,10849,03,Cartao_Credito,,690.0,690.0
2026-05-26,18960845000194,Oticas_BH,10850,03,Cartao_Credito,,1690.0,1690.0
2026-05-27,18960845000194,Oticas_BH,10851,04,Cartao_Debito,,1180.0,2360.0
2026-05-27,18960845000194,Oticas_BH,10851,13,13,,1180.0,2360.0
2026-05-27,18960845000194,Oticas_BH,10852,13,13,,2300.0,2300.0
2026-05-27,18960845000194,Oticas_BH,10853,03,Cartao_Credito,,2200.0,2200.0
2026-05-27,18960845000194,Oticas_BH,10854,04,Cartao_Debito,,1400.0,1400.0
2026-05-27,18960845000194,Oticas_BH,10855,04,Cartao_Debito,,300.0,900.0
2026-05-27,18960845000194,Oticas_BH,10855,03,Cartao_Credito,,600.0,900.0
2026-05-28,18960845000194,Oticas_BH,10856,03,Cartao_Credito,,2676.0,2676.0
2026-05-28,18960845000194,Oticas_BH,10857,03,Cartao_Credito,,1175.0,1175.0
2026-05-28,18960845000194,Oticas_BH,10858,13,13,,1900.0,1900.0
2026-05-28,18960845000194,Oticas_BH,10859,03,Cartao_Credito,,690.0,690.0
2026-05-28,18960845000194,Oticas_BH,10860,03,Cartao_Credito,,4390.0,4390.0
2026-05-28,18960845000194,Oticas_BH,10861,03,Cartao_Credito,,2540.0,2540.0
2026-05-28,18960845000194,Oticas_BH,10862,03,Cartao_Credito,,3320.0,3320.0
2026-05-28,18960845000194,Oticas_BH,10863,03,Cartao_Credito,,1200.0,1200.0
2026-05-28,18960845000194,Oticas_BH,10864,03,Cartao_Credito,,1600.0,1600.0
2026-05-28,18960845000194,Oticas_BH,10865,03,Cartao_Credito,,1700.0,1700.0
2026-05-28,18960845000194,Oticas_BH,10866,04,Cartao_Debito,,500.0,500.0
2026-05-28,18960845000194,Oticas_BH,10867,03,Cartao_Credito,,2000.0,2000.0
2026-05-29,18960845000194,Oticas_BH,10868,03,Cartao_Credito,,1970.0,1970.0
2026-05-29,18960845000194,Oticas_BH,10869,03,Cartao_Credito,,2250.0,2250.0
2026-05-15,07843328000119,Matriz_Luminis,3513,03,Cartao_Credito,,1990.0,1990.0
2026-05-18,07843328000119,Matriz_Luminis,3514,03,Cartao_Credito,,6790.0,6790.0
2026-05-21,07843328000119,Matriz_Luminis,3515,03,Cartao_Credito,,5350.0,5350.0
2026-05-21,07843328000119,Matriz_Luminis,3516,03,Cartao_Credito,,1500.0,1500.0
2026-05-21,07843328000119,Matriz_Luminis,3517,03,Cartao_Credito,,1600.0,1600.0
2026-05-21,07843328000119,Matriz_Luminis,3518,03,Cartao_Credito,,3000.0,3000.0
2026-05-21,07843328000119,Matriz_Luminis,3519,03,Cartao_Credito,,1080.0,1080.0
2026-05-21,07843328000119,Matriz_Luminis,3520,03,Cartao_Credito,,1230.0,1230.0
2026-05-21,07843328000119,Matriz_Luminis,3521,03,Cartao_Credito,,3510.0,3510.0
2026-05-28,07843328000119,Matriz_Luminis,3522,03,Cartao_Credito,,1250.0,1250.0
2026-05-28,07843328000119,Matriz_Luminis,3523,03,Cartao_Credito,,1410.0,1410.0
2026-05-28,07843328000119,Matriz_Luminis,3524,03,Cartao_Credito,,2800.0,2800.0
2026-05-28,07843328000119,Matriz_Luminis,3525,03,Cartao_Credito,,1950.0,1950.0
2026-05-28,07843328000119,Matriz_Luminis,3526,03,Cartao_Credito,,1200.0,1200.0
2026-05-28,07843328000119,Matriz_Luminis,3527,03,Cartao_Credito,,400.0,400.0
2026-05-28,07843328000119,Matriz_Luminis,3528,20,20,,200.0,200.0
2026-05-28,07843328000119,Matriz_Luminis,3529,20,20,,466.67,466.67
2026-05-28,07843328000119,Matriz_Luminis,3530,03,Cartao_Credito,,290.0,790.0
2026-05-28,07843328000119,Matriz_Luminis,3530,20,20,,500.0,790.0
2026-05-28,07843328000119,Matriz_Luminis,3531,03,Cartao_Credito,,950.0,950.0
2026-05-28,07843328000119,Matriz_Luminis,3532,20,20,,100.0,100.0
2026-05-28,07843328000119,Matriz_Luminis,3533,20,20,,600.0,600.0
2026-05-28,07843328000119,Matriz_Luminis,3534,04,Cartao_Debito,,1000.0,1000.0
2026-05-28,07843328000119,Matriz_Luminis,3535,03,Cartao_Credito,,1200.0,1200.0
2026-05-28,07843328000119,Matriz_Luminis,3536,03,Cartao_Credito,,2000.0,2000.0
2026-05-28,07843328000119,Matriz_Luminis,3537,03,Cartao_Credito,,800.0,800.0
2026-05-28,07843328000119,Matriz_Luminis,3538,20,20,,400.0,400.0
2026-05-28,07843328000119,Matriz_Luminis,3539,20,20,,50.0,50.0
2026-05-28,07843328000119,Matriz_Luminis,3540,20,20,,380.0,380.0
2026-05-28,07843328000119,Matriz_Luminis,3541,03,Cartao_Credito,,350.0,350.0
2026-05-28,07843328000119,Matriz_Luminis,3542,03,Cartao_Credito,,1600.0,1600.0
2026-05-28,07843328000119,Matriz_Luminis,3543,03,Cartao_Credito,,1170.0,1170.0
2026-05-28,07843328000119,Matriz_Luminis,3544,04,Cartao_Debito,,1648.0,1648.0
2026-05-28,07843328000119,Matriz_Luminis,3545,03,Cartao_Credito,,3000.0,3000.0
2026-05-28,07843328000119,Matriz_Luminis,3546,03,Cartao_Credito,,3600.0,3600.0
2026-05-29,07843328000119,Matriz_Luminis,3547,04,Cartao_Debito,,550.0,550.0
2026-05-29,07843328000119,Matriz_Luminis,3548,03,Cartao_Credito,,1500.0,2900.0
2026-05-29,07843328000119,Matriz_Luminis,3548,04,Cartao_Debito,,1400.0,2900.0
